{
  "18035": {
    "17": [
      [
        0,
        2,
        "V7 AI FINISHED - Turn 1",
        0,
        446029,
        459
      ]
    ],
    "29": [
      [
        0,
        2,
        "V7 AI STARTING - Turn 2",
        0,
        446029,
        457
      ]
    ],
    "31": [
      [
        0,
        10
      ],
      [
        0,
        2,
        "=== MULTI-ENEMY DAMAGE CALCULATION START ===",
        0,
        446033,
        6
      ],
      [
        0,
        2,
        "WEAPON CHECK: hasWeapons=true, count=4",
        0,
        446033,
        29
      ],
      [
        0,
        2,
        "AVAILABLE WEAPONS: [277, 60, 153, 43]",
        0,
        446033,
        31
      ],
      [
        0,
        2,
        "WEAPON[0] = 277 (B_LASER=60, RHINO=153, GRENADE=43)",
        0,
        446033,
        33
      ],
      [
        0,
        2,
        "WEAPON[1] = 60 (B_LASER=60, RHINO=153, GRENADE=43)",
        0,
        446033,
        33
      ],
      [
        0,
        2,
        "WEAPON[2] = 153 (B_LASER=60, RHINO=153, GRENADE=43)",
        0,
        446033,
        33
      ],
      [
        0,
        2,
        "WEAPON[3] = 43 (B_LASER=60, RHINO=153, GRENADE=43)",
        0,
        446033,
        33
      ],
      [
        0,
        2,
        "PRE-PUSH: cellId=376, bestDamage=840.95, weapon=277",
        0,
        446033,
        82
      ],
      [
        0,
        2,
        "POST-PUSH: stored[0] = [376, 840.95, 277]",
        0,
        446033,
        91
      ],
      [
        0,
        2,
        "PRE-PUSH: cellId=324, bestDamage=792.3000000000001, weapon=153",
        0,
        446033,
        82
      ],
      [
        0,
        2,
        "POST-PUSH: stored[1] = [324, 792.3000000000001, 153]",
        0,
        446033,
        91
      ],
      [
        0,
        2,
        "PRE-PUSH: cellId=392, bestDamage=820.1, weapon=43",
        0,
        446033,
        82
      ],
      [
        0,
        2,
        "POST-PUSH: stored[2] = [392, 820.1, 43]",
        0,
        446033,
        91
      ]
    ],
    "39": [
      [
        0,
        2,
        "V7 AI FINISHED - Turn 2",
        0,
        446029,
        459
      ]
    ],
    "5": [
      [
        0,
        2,
        "V7 AI STARTING - Turn 1",
        0,
        446029,
        457
      ]
    ],
    "53": [
      [
        0,
        2,
        "V7 AI STARTING - Turn 3",
        0,
        446029,
        457
      ],
      [
        0,
        10
      ],
      [
        0,
        2,
        "=== MULTI-ENEMY DAMAGE CALCULATION START ===",
        0,
        446033,
        6
      ],
      [
        0,
        2,
        "WEAPON CHECK: hasWeapons=true, count=4",
        0,
        446033,
        29
      ],
      [
        0,
        2,
        "AVAILABLE WEAPONS: [277, 60, 153, 43]",
        0,
        446033,
        31
      ],
      [
        0,
        2,
        "WEAPON[0] = 277 (B_LASER=60, RHINO=153, GRENADE=43)",
        0,
        446033,
        33
      ],
      [
        0,
        2,
        "WEAPON[1] = 60 (B_LASER=60, RHINO=153, GRENADE=43)",
        0,
        446033,
        33
      ],
      [
        0,
        2,
        "WEAPON[2] = 153 (B_LASER=60, RHINO=153, GRENADE=43)",
        0,
        446033,
        33
      ],
      [
        0,
        2,
        "WEAPON[3] = 43 (B_LASER=60, RHINO=153, GRENADE=43)",
        0,
        446033,
        33
      ],
      [
        0,
        2,
        "PRE-PUSH: cellId=320, bestDamage=990.0, weapon=60",
        0,
        446033,
        82
      ],
      [
        0,
        2,
        "POST-PUSH: stored[0] = [320, 990.0, 60]",
        0,
        446033,
        91
      ],
      [
        0,
        2,
        "PRE-PUSH: cellId=302, bestDamage=990.0, weapon=60",
        0,
        446033,
        82
      ],
      [
        0,
        2,
        "POST-PUSH: stored[1] = [302, 990.0, 60]",
        0,
        446033,
        91
      ],
      [
        0,
        2,
        "PRE-PUSH: cellId=337, bestDamage=708.0, weapon=43",
        0,
        446033,
        82
      ],
      [
        0,
        2,
        "POST-PUSH: stored[2] = [337, 708.0, 43]",
        0,
        446033,
        91
      ]
    ],
    "61": [
      [
        0,
        2,
        "V7 AI FINISHED - Turn 3",
        0,
        446029,
        459
      ]
    ],
    "9": [
      [
        0,
        10
      ],
      [
        0,
        2,
        "=== MULTI-ENEMY DAMAGE CALCULATION START ===",
        0,
        446033,
        6
      ],
      [
        0,
        2,
        "WEAPON CHECK: hasWeapons=true, count=4",
        0,
        446033,
        29
      ],
      [
        0,
        2,
        "AVAILABLE WEAPONS: [277, 60, 153, 43]",
        0,
        446033,
        31
      ],
      [
        0,
        2,
        "WEAPON[0] = 277 (B_LASER=60, RHINO=153, GRENADE=43)",
        0,
        446033,
        33
      ],
      [
        0,
        2,
        "WEAPON[1] = 60 (B_LASER=60, RHINO=153, GRENADE=43)",
        0,
        446033,
        33
      ],
      [
        0,
        2,
        "WEAPON[2] = 153 (B_LASER=60, RHINO=153, GRENADE=43)",
        0,
        446033,
        33
      ],
      [
        0,
        2,
        "WEAPON[3] = 43 (B_LASER=60, RHINO=153, GRENADE=43)",
        0,
        446033,
        33
      ],
      [
        0,
        2,
        "PRE-PUSH: cellId=445, bestDamage=382.25, weapon=60",
        0,
        446033,
        82
      ],
      [
        0,
        2,
        "POST-PUSH: stored[0] = [445, 382.25, 60]",
        0,
        446033,
        91
      ],
      [
        0,
        2,
        "PRE-PUSH: cellId=428, bestDamage=382.25, weapon=60",
        0,
        446033,
        82
      ],
      [
        0,
        2,
        "POST-PUSH: stored[1] = [428, 382.25, 60]",
        0,
        446033,
        91
      ],
      [
        0,
        2,
        "PRE-PUSH: cellId=411, bestDamage=382.25, weapon=60",
        0,
        446033,
        82
      ],
      [
        0,
        2,
        "POST-PUSH: stored[2] = [411, 382.25, 60]",
        0,
        446033,
        91
      ]
    ]
  }
}