{
  "18035": {
    "1": [
      [
        0,
        2,
        "V7 AI STARTING - Turn 1",
        0,
        446029,
        457
      ]
    ],
    "15": [
      [
        0,
        2,
        "V7 AI STARTING - Turn 2",
        0,
        446029,
        457
      ]
    ],
    "17": [
      [
        0,
        10
      ],
      [
        0,
        2,
        "=== MULTI-ENEMY DAMAGE CALCULATION START ===",
        0,
        446033,
        6
      ],
      [
        0,
        2,
        "WEAPON CHECK: hasWeapons=true, count=4",
        0,
        446033,
        29
      ],
      [
        0,
        2,
        "AVAILABLE WEAPONS: [153, 43, 277, 60]",
        0,
        446033,
        31
      ],
      [
        0,
        2,
        "WEAPON[0] = 153 (B_LASER=60, RHINO=153, GRENADE=43)",
        0,
        446033,
        33
      ],
      [
        0,
        2,
        "WEAPON[1] = 43 (B_LASER=60, RHINO=153, GRENADE=43)",
        0,
        446033,
        33
      ],
      [
        0,
        2,
        "WEAPON[2] = 277 (B_LASER=60, RHINO=153, GRENADE=43)",
        0,
        446033,
        33
      ],
      [
        0,
        2,
        "WEAPON[3] = 60 (B_LASER=60, RHINO=153, GRENADE=43)",
        0,
        446033,
        33
      ],
      [
        0,
        2,
        "PRE-PUSH: cellId=469, bestDamage=840.16, weapon=43",
        0,
        446033,
        82
      ],
      [
        0,
        2,
        "POST-PUSH: stored[0] = [469, 840.16, 43]",
        0,
        446033,
        91
      ],
      [
        0,
        2,
        "PRE-PUSH: cellId=347, bestDamage=840.16, weapon=43",
        0,
        446033,
        82
      ],
      [
        0,
        2,
        "POST-PUSH: stored[1] = [347, 840.16, 43]",
        0,
        446033,
        91
      ],
      [
        0,
        2,
        "PRE-PUSH: cellId=452, bestDamage=811.6800000000001, weapon=153",
        0,
        446033,
        82
      ],
      [
        0,
        2,
        "POST-PUSH: stored[2] = [452, 811.6800000000001, 153]",
        0,
        446033,
        91
      ]
    ],
    "25": [
      [
        0,
        2,
        "V7 AI FINISHED - Turn 2",
        0,
        446029,
        459
      ]
    ],
    "36": [
      [
        0,
        2,
        "V7 AI STARTING - Turn 3",
        0,
        446029,
        457
      ],
      [
        0,
        10
      ],
      [
        0,
        2,
        "=== MULTI-ENEMY DAMAGE CALCULATION START ===",
        0,
        446033,
        6
      ],
      [
        0,
        2,
        "WEAPON CHECK: hasWeapons=true, count=4",
        0,
        446033,
        29
      ],
      [
        0,
        2,
        "AVAILABLE WEAPONS: [153, 43, 277, 60]",
        0,
        446033,
        31
      ],
      [
        0,
        2,
        "WEAPON[0] = 153 (B_LASER=60, RHINO=153, GRENADE=43)",
        0,
        446033,
        33
      ],
      [
        0,
        2,
        "WEAPON[1] = 43 (B_LASER=60, RHINO=153, GRENADE=43)",
        0,
        446033,
        33
      ],
      [
        0,
        2,
        "WEAPON[2] = 277 (B_LASER=60, RHINO=153, GRENADE=43)",
        0,
        446033,
        33
      ],
      [
        0,
        2,
        "WEAPON[3] = 60 (B_LASER=60, RHINO=153, GRENADE=43)",
        0,
        446033,
        33
      ],
      [
        0,
        2,
        "PRE-PUSH: cellId=293, bestDamage=708.0, weapon=43",
        0,
        446033,
        82
      ],
      [
        0,
        2,
        "POST-PUSH: stored[0] = [293, 708.0, 43]",
        0,
        446033,
        91
      ],
      [
        0,
        2,
        "PRE-PUSH: cellId=276, bestDamage=708.0, weapon=43",
        0,
        446033,
        82
      ],
      [
        0,
        2,
        "POST-PUSH: stored[1] = [276, 708.0, 43]",
        0,
        446033,
        91
      ],
      [
        0,
        2,
        "PRE-PUSH: cellId=311, bestDamage=708.0, weapon=43",
        0,
        446033,
        82
      ],
      [
        0,
        2,
        "POST-PUSH: stored[2] = [311, 708.0, 43]",
        0,
        446033,
        91
      ]
    ],
    "44": [
      [
        0,
        2,
        "V7 AI FINISHED - Turn 3",
        0,
        446029,
        459
      ]
    ],
    "5": [
      [
        0,
        10
      ],
      [
        0,
        2,
        "=== MULTI-ENEMY DAMAGE CALCULATION START ===",
        0,
        446033,
        6
      ],
      [
        0,
        2,
        "WEAPON CHECK: hasWeapons=true, count=4",
        0,
        446033,
        29
      ],
      [
        0,
        2,
        "AVAILABLE WEAPONS: [153, 43, 277, 60]",
        0,
        446033,
        31
      ],
      [
        0,
        2,
        "WEAPON[0] = 153 (B_LASER=60, RHINO=153, GRENADE=43)",
        0,
        446033,
        33
      ],
      [
        0,
        2,
        "WEAPON[1] = 43 (B_LASER=60, RHINO=153, GRENADE=43)",
        0,
        446033,
        33
      ],
      [
        0,
        2,
        "WEAPON[2] = 277 (B_LASER=60, RHINO=153, GRENADE=43)",
        0,
        446033,
        33
      ],
      [
        0,
        2,
        "WEAPON[3] = 60 (B_LASER=60, RHINO=153, GRENADE=43)",
        0,
        446033,
        33
      ]
    ],
    "57": [
      [
        0,
        2,
        "V7 AI STARTING - Turn 4",
        0,
        446029,
        457
      ]
    ],
    "59": [
      [
        0,
        10
      ],
      [
        0,
        2,
        "=== MULTI-ENEMY DAMAGE CALCULATION START ===",
        0,
        446033,
        6
      ],
      [
        0,
        2,
        "WEAPON CHECK: hasWeapons=true, count=4",
        0,
        446033,
        29
      ],
      [
        0,
        2,
        "AVAILABLE WEAPONS: [153, 43, 277, 60]",
        0,
        446033,
        31
      ],
      [
        0,
        2,
        "WEAPON[0] = 153 (B_LASER=60, RHINO=153, GRENADE=43)",
        0,
        446033,
        33
      ],
      [
        0,
        2,
        "WEAPON[1] = 43 (B_LASER=60, RHINO=153, GRENADE=43)",
        0,
        446033,
        33
      ],
      [
        0,
        2,
        "WEAPON[2] = 277 (B_LASER=60, RHINO=153, GRENADE=43)",
        0,
        446033,
        33
      ],
      [
        0,
        2,
        "WEAPON[3] = 60 (B_LASER=60, RHINO=153, GRENADE=43)",
        0,
        446033,
        33
      ],
      [
        0,
        2,
        "PRE-PUSH: cellId=239, bestDamage=794.1999999999999, weapon=60",
        0,
        446033,
        82
      ],
      [
        0,
        2,
        "POST-PUSH: stored[0] = [239, 794.1999999999999, 60]",
        0,
        446033,
        91
      ],
      [
        0,
        2,
        "PRE-PUSH: cellId=221, bestDamage=794.1999999999999, weapon=60",
        0,
        446033,
        82
      ],
      [
        0,
        2,
        "POST-PUSH: stored[1] = [221, 794.1999999999999, 60]",
        0,
        446033,
        91
      ],
      [
        0,
        2,
        "PRE-PUSH: cellId=257, bestDamage=823.0799999999999, weapon=153",
        0,
        446033,
        82
      ],
      [
        0,
        2,
        "POST-PUSH: stored[2] = [257, 823.0799999999999, 153]",
        0,
        446033,
        91
      ]
    ],
    "6": [
      [
        0,
        2,
        "V7 AI FINISHED - Turn 1",
        0,
        446029,
        459
      ]
    ],
    "64": [
      [
        0,
        2,
        "V7 AI FINISHED - Turn 4",
        0,
        446029,
        459
      ]
    ]
  }
}