{
  "18035": {
    "1": [
      [
        0,
        2,
        "V7 AI STARTING - Turn 1",
        0,
        446029,
        457
      ]
    ],
    "13": [
      [
        0,
        2,
        "V7 AI FINISHED - Turn 1",
        0,
        446029,
        459
      ]
    ],
    "23": [
      [
        0,
        2,
        "V7 AI STARTING - Turn 2",
        0,
        446029,
        457
      ]
    ],
    "25": [
      [
        0,
        10
      ],
      [
        0,
        2,
        "=== MULTI-ENEMY DAMAGE CALCULATION START ===",
        0,
        446033,
        6
      ],
      [
        0,
        2,
        "WEAPON CHECK: hasWeapons=true, count=4",
        0,
        446033,
        29
      ],
      [
        0,
        2,
        "AVAILABLE WEAPONS: [277, 153, 43, 60]",
        0,
        446033,
        31
      ],
      [
        0,
        2,
        "WEAPON[0] = 277 (B_LASER=60, RHINO=153, GRENADE=43)",
        0,
        446033,
        33
      ],
      [
        0,
        2,
        "WEAPON[1] = 153 (B_LASER=60, RHINO=153, GRENADE=43)",
        0,
        446033,
        33
      ],
      [
        0,
        2,
        "WEAPON[2] = 43 (B_LASER=60, RHINO=153, GRENADE=43)",
        0,
        446033,
        33
      ],
      [
        0,
        2,
        "WEAPON[3] = 60 (B_LASER=60, RHINO=153, GRENADE=43)",
        0,
        446033,
        33
      ],
      [
        0,
        2,
        "PRE-PUSH: cellId=185, bestDamage=799.6999999999999, weapon=60",
        0,
        446033,
        82
      ],
      [
        0,
        2,
        "POST-PUSH: stored[0] = [185, 799.6999999999999, 60]",
        0,
        446033,
        91
      ],
      [
        0,
        2,
        "PRE-PUSH: cellId=168, bestDamage=857.8599999999999, weapon=43",
        0,
        446033,
        82
      ],
      [
        0,
        2,
        "POST-PUSH: stored[1] = [168, 857.8599999999999, 43]",
        0,
        446033,
        91
      ],
      [
        0,
        2,
        "PRE-PUSH: cellId=169, bestDamage=857.8599999999999, weapon=43",
        0,
        446033,
        82
      ],
      [
        0,
        2,
        "POST-PUSH: stored[2] = [169, 857.8599999999999, 43]",
        0,
        446033,
        91
      ]
    ],
    "32": [
      [
        0,
        2,
        "V7 AI FINISHED - Turn 2",
        0,
        446029,
        459
      ]
    ],
    "41": [
      [
        0,
        2,
        "V7 AI STARTING - Turn 3",
        0,
        446029,
        457
      ],
      [
        0,
        10
      ],
      [
        0,
        2,
        "=== MULTI-ENEMY DAMAGE CALCULATION START ===",
        0,
        446033,
        6
      ],
      [
        0,
        2,
        "WEAPON CHECK: hasWeapons=true, count=4",
        0,
        446033,
        29
      ],
      [
        0,
        2,
        "AVAILABLE WEAPONS: [277, 153, 43, 60]",
        0,
        446033,
        31
      ],
      [
        0,
        2,
        "WEAPON[0] = 277 (B_LASER=60, RHINO=153, GRENADE=43)",
        0,
        446033,
        33
      ],
      [
        0,
        2,
        "WEAPON[1] = 153 (B_LASER=60, RHINO=153, GRENADE=43)",
        0,
        446033,
        33
      ],
      [
        0,
        2,
        "WEAPON[2] = 43 (B_LASER=60, RHINO=153, GRENADE=43)",
        0,
        446033,
        33
      ],
      [
        0,
        2,
        "WEAPON[3] = 60 (B_LASER=60, RHINO=153, GRENADE=43)",
        0,
        446033,
        33
      ],
      [
        0,
        2,
        "PRE-PUSH: cellId=256, bestDamage=708.0, weapon=43",
        0,
        446033,
        82
      ],
      [
        0,
        2,
        "POST-PUSH: stored[0] = [256, 708.0, 43]",
        0,
        446033,
        91
      ],
      [
        0,
        2,
        "PRE-PUSH: cellId=239, bestDamage=708.0, weapon=43",
        0,
        446033,
        82
      ],
      [
        0,
        2,
        "POST-PUSH: stored[1] = [239, 708.0, 43]",
        0,
        446033,
        91
      ],
      [
        0,
        2,
        "PRE-PUSH: cellId=222, bestDamage=708.0, weapon=43",
        0,
        446033,
        82
      ],
      [
        0,
        2,
        "POST-PUSH: stored[2] = [222, 708.0, 43]",
        0,
        446033,
        91
      ]
    ],
    "5": [
      [
        0,
        10
      ],
      [
        0,
        2,
        "=== MULTI-ENEMY DAMAGE CALCULATION START ===",
        0,
        446033,
        6
      ],
      [
        0,
        2,
        "WEAPON CHECK: hasWeapons=true, count=4",
        0,
        446033,
        29
      ],
      [
        0,
        2,
        "AVAILABLE WEAPONS: [277, 153, 43, 60]",
        0,
        446033,
        31
      ],
      [
        0,
        2,
        "WEAPON[0] = 277 (B_LASER=60, RHINO=153, GRENADE=43)",
        0,
        446033,
        33
      ],
      [
        0,
        2,
        "WEAPON[1] = 153 (B_LASER=60, RHINO=153, GRENADE=43)",
        0,
        446033,
        33
      ],
      [
        0,
        2,
        "WEAPON[2] = 43 (B_LASER=60, RHINO=153, GRENADE=43)",
        0,
        446033,
        33
      ],
      [
        0,
        2,
        "WEAPON[3] = 60 (B_LASER=60, RHINO=153, GRENADE=43)",
        0,
        446033,
        33
      ],
      [
        0,
        2,
        "PRE-PUSH: cellId=185, bestDamage=399.84999999999997, weapon=60",
        0,
        446033,
        82
      ],
      [
        0,
        2,
        "POST-PUSH: stored[0] = [185, 399.84999999999997, 60]",
        0,
        446033,
        91
      ],
      [
        0,
        2,
        "PRE-PUSH: cellId=168, bestDamage=428.92999999999995, weapon=43",
        0,
        446033,
        82
      ],
      [
        0,
        2,
        "POST-PUSH: stored[1] = [168, 428.92999999999995, 43]",
        0,
        446033,
        91
      ],
      [
        0,
        2,
        "PRE-PUSH: cellId=169, bestDamage=428.92999999999995, weapon=43",
        0,
        446033,
        82
      ],
      [
        0,
        2,
        "POST-PUSH: stored[2] = [169, 428.92999999999995, 43]",
        0,
        446033,
        91
      ]
    ],
    "53": [
      [
        0,
        2,
        "V7 AI FINISHED - Turn 3",
        0,
        446029,
        459
      ]
    ],
    "70": [
      [
        0,
        2,
        "V7 AI STARTING - Turn 4",
        0,
        446029,
        457
      ]
    ],