{
  "18035": {
    "1": [
      [
        0,
        2,
        "V7 AI STARTING - Turn 1",
        0,
        446029,
        457
      ]
    ],
    "13": [
      [
        0,
        2,
        "V7 AI FINISHED - Turn 1",
        0,
        446029,
        459
      ]
    ],
    "24": [
      [
        0,
        2,
        "V7 AI STARTING - Turn 2",
        0,
        446029,
        457
      ]
    ],
    "26": [
      [
        0,
        10
      ],
      [
        0,
        2,
        "=== MULTI-ENEMY DAMAGE CALCULATION START ===",
        0,
        446033,
        6
      ],
      [
        0,
        2,
        "WEAPON CHECK: hasWeapons=true, count=4",
        0,
        446033,
        29
      ],
      [
        0,
        2,
        "AVAILABLE WEAPONS: [277, 153, 43, 60]",
        0,
        446033,
        31
      ],
      [
        0,
        2,
        "WEAPON[0] = 277 (B_LASER=60, RHINO=153, GRENADE=43)",
        0,
        446033,
        33
      ],
      [
        0,
        2,
        "WEAPON[1] = 153 (B_LASER=60, RHINO=153, GRENADE=43)",
        0,
        446033,
        33
      ],
      [
        0,
        2,
        "WEAPON[2] = 43 (B_LASER=60, RHINO=153, GRENADE=43)",
        0,
        446033,
        33
      ],
      [
        0,
        2,
        "WEAPON[3] = 60 (B_LASER=60, RHINO=153, GRENADE=43)",
        0,
        446033,
        33
      ],
      [
        0,
        2,
        "PRE-PUSH: cellId=414, bestDamage=823.6400000000001, weapon=43",
        0,
        446033,
        82
      ],
      [
        0,
        2,
        "POST-PUSH: stored[0] = [414, 823.6400000000001, 43]",
        0,
        446033,
        91
      ],
      [
        0,
        2,
        "PRE-PUSH: cellId=397, bestDamage=823.6400000000001, weapon=43",
        0,
        446033,
        82
      ],
      [
        0,
        2,
        "POST-PUSH: stored[1] = [397, 823.6400000000001, 43]",
        0,
        446033,
        91
      ],
      [
        0,
        2,
        "PRE-PUSH: cellId=431, bestDamage=823.6400000000001, weapon=43",
        0,
        446033,
        82
      ],
      [
        0,
        2,
        "POST-PUSH: stored[2] = [431, 823.6400000000001, 43]",
        0,
        446033,
        91
      ]
    ],
    "33": [
      [
        0,
        2,
        "V7 AI FINISHED - Turn 2",
        0,
        446029,
        459
      ]
    ],
    "46": [
      [
        0,
        2,
        "V7 AI STARTING - Turn 3",
        0,
        446029,
        457
      ],
      [
        0,
        10
      ],
      [
        0,
        2,
        "=== MULTI-ENEMY DAMAGE CALCULATION START ===",
        0,
        446033,
        6
      ],
      [
        0,
        2,
        "WEAPON CHECK: hasWeapons=true, count=4",
        0,
        446033,
        29
      ],
      [
        0,
        2,
        "AVAILABLE WEAPONS: [277, 153, 43, 60]",
        0,
        446033,
        31
      ],
      [
        0,
        2,
        "WEAPON[0] = 277 (B_LASER=60, RHINO=153, GRENADE=43)",
        0,
        446033,
        33
      ],
      [
        0,
        2,
        "WEAPON[1] = 153 (B_LASER=60, RHINO=153, GRENADE=43)",
        0,
        446033,
        33
      ],
      [
        0,
        2,
        "WEAPON[2] = 43 (B_LASER=60, RHINO=153, GRENADE=43)",
        0,
        446033,
        33
      ],
      [
        0,
        2,
        "WEAPON[3] = 60 (B_LASER=60, RHINO=153, GRENADE=43)",
        0,
        446033,
        33
      ],
      [
        0,
        2,
        "PRE-PUSH: cellId=342, bestDamage=708.0, weapon=43",
        0,
        446033,
        82
      ],
      [
        0,
        2,
        "POST-PUSH: stored[0] = [342, 708.0, 43]",
        0,
        446033,
        91
      ],
      [
        0,
        2,
        "PRE-PUSH: cellId=360, bestDamage=708.0, weapon=43",
        0,
        446033,
        82
      ],
      [
        0,
        2,
        "POST-PUSH: stored[1] = [360, 708.0, 43]",
        0,
        446033,
        91
      ],
      [
        0,
        2,
        "PRE-PUSH: cellId=343, bestDamage=708.0, weapon=43",
        0,
        446033,
        82
      ],
      [
        0,
        2,
        "POST-PUSH: stored[2] = [343, 708.0, 43]",
        0,
        446033,
        91
      ]
    ],
    "5": [
      [
        0,
        10
      ],
      [
        0,
        2,
        "=== MULTI-ENEMY DAMAGE CALCULATION START ===",
        0,
        446033,
        6
      ],
      [
        0,
        2,
        "WEAPON CHECK: hasWeapons=true, count=4",
        0,
        446033,
        29
      ],
      [
        0,
        2,
        "AVAILABLE WEAPONS: [277, 153, 43, 60]",
        0,
        446033,
        31
      ],
      [
        0,
        2,
        "WEAPON[0] = 277 (B_LASER=60, RHINO=153, GRENADE=43)",
        0,
        446033,
        33
      ],
      [
        0,
        2,
        "WEAPON[1] = 153 (B_LASER=60, RHINO=153, GRENADE=43)",
        0,
        446033,
        33
      ],
      [
        0,
        2,
        "WEAPON[2] = 43 (B_LASER=60, RHINO=153, GRENADE=43)",
        0,
        446033,
        33
      ],
      [
        0,
        2,
        "WEAPON[3] = 60 (B_LASER=60, RHINO=153, GRENADE=43)",
        0,
        446033,
        33
      ],
      [
        0,
        2,
        "PRE-PUSH: cellId=360, bestDamage=383.90000000000003, weapon=60",
        0,
        446033,
        82
      ],
      [
        0,
        2,
        "POST-PUSH: stored[0] = [360, 383.90000000000003, 60]",
        0,
        446033,
        91
      ],
      [
        0,
        2,
        "PRE-PUSH: cellId=378, bestDamage=411.82000000000005, weapon=43",
        0,
        446033,
        82
      ],
      [
        0,
        2,
        "POST-PUSH: stored[1] = [378, 411.82000000000005, 43]",
        0,
        446033,
        91
      ],
      [
        0,
        2,
        "PRE-PUSH: cellId=413, bestDamage=411.82000000000005, weapon=43",
        0,
        446033,
        82
      ],
      [
        0,
        2,
        "POST-PUSH: stored[2] = [413, 411.82000000000005, 43]",
        0,
        446033,
        91
      ]
    ],
    "57": [
      [
        0,
        2,
        "V7 AI FINISHED - Turn 3",
        0,
        446029,
        459
      ]
    ],
    "73": [
      [
        0,
        2,
        "V7 AI STARTING - Turn 4",
        0,
        446029,
        457
      ]
    ],