{
  "18035": {
    "108": [
      [
        0,
        2,
        "V7 AI FINISHED - Turn 4",
        0,
        446029,
        741
      ]
    ],
    "11": [
      [
        0,
        2,
        "V7 AI STARTING - Turn 1",
        0,
        446029,
        739
      ]
    ],
    "15": [
      [
        0,
        10
      ],
      [
        0,
        2,
        "=== MULTI-ENEMY DAMAGE CALCULATION START ===",
        0,
        446033,
        6
      ],
      [
        0,
        2,
        "WEAPON CHECK: hasWeapons=true, count=4",
        0,
        446033,
        29
      ],
      [
        0,
        2,
        "AVAILABLE WEAPONS: [277, 60, 44, 43]",
        0,
        446033,
        31
      ],
      [
        0,
        2,
        "WEAPON[0] = 277 (B_LASER=60, RHINO=153, GRENADE=43)",
        0,
        446033,
        33
      ],
      [
        0,
        2,
        "WEAPON[1] = 60 (B_LASER=60, RHINO=153, GRENADE=43)",
        0,
        446033,
        33
      ],
      [
        0,
        2,
        "WEAPON[2] = 44 (B_LASER=60, RHINO=153, GRENADE=43)",
        0,
        446033,
        33
      ],
      [
        0,
        2,
        "WEAPON[3] = 43 (B_LASER=60, RHINO=153, GRENADE=43)",
        0,
        446033,
        33
      ],
      [
        0,
        2,
        "PRE-PUSH: cellId=146, bestDamage=400.40000000000003, weapon=60",
        0,
        446033,
        82
      ],
      [
        0,
        2,
        "POST-PUSH: stored[0] = [146, 400.40000000000003, 60]",
        0,
        446033,
        91
      ],
      [
        0,
        2,
        "PRE-PUSH: cellId=164, bestDamage=429.52000000000004, weapon=43",
        0,
        446033,
        82
      ],
      [
        0,
        2,
        "POST-PUSH: stored[1] = [164, 429.52000000000004, 43]",
        0,
        446033,
        91
      ],
      [
        0,
        2,
        "PRE-PUSH: cellId=182, bestDamage=429.52000000000004, weapon=43",
        0,
        446033,
        82
      ],
      [
        0,
        2,
        "POST-PUSH: stored[2] = [182, 429.52000000000004, 43]",
        0,
        446033,
        91
      ]
    ],
    "23": [
      [
        0,
        2,
        "V7 AI FINISHED - Turn 1",
        0,
        446029,
        741
      ]
    ],
    "41": [
      [
        0,
        2,
        "V7 AI STARTING - Turn 2",
        0,
        446029,
        739
      ]
    ],
    "43": [
      [
        0,
        10
      ],
      [
        0,
        2,
        "=== MULTI-ENEMY DAMAGE CALCULATION START ===",
        0,
        446033,
        6
      ],
      [
        0,
        2,
        "WEAPON CHECK: hasWeapons=true, count=4",
        0,
        446033,
        29
      ],
      [
        0,
        2,
        "AVAILABLE WEAPONS: [277, 60, 44, 43]",
        0,
        446033,
        31
      ],
      [
        0,
        2,
        "WEAPON[0] = 277 (B_LASER=60, RHINO=153, GRENADE=43)",
        0,
        446033,
        33
      ],
      [
        0,
        2,
        "WEAPON[1] = 60 (B_LASER=60, RHINO=153, GRENADE=43)",
        0,
        446033,
        33
      ],
      [
        0,
        2,
        "WEAPON[2] = 44 (B_LASER=60, RHINO=153, GRENADE=43)",
        0,
        446033,
        33
      ],
      [
        0,
        2,
        "WEAPON[3] = 43 (B_LASER=60, RHINO=153, GRENADE=43)",
        0,
        446033,
        33
      ],
      [
        0,
        2,
        "PRE-PUSH: cellId=233, bestDamage=800.8000000000001, weapon=60",
        0,
        446033,
        82
      ],
      [
        0,
        2,
        "POST-PUSH: stored[0] = [233, 800.8000000000001, 60]",
        0,
        446033,
        91
      ],
      [
        0,
        2,
        "PRE-PUSH: cellId=216, bestDamage=800.8000000000001, weapon=60",
        0,
        446033,
        82
      ],
      [
        0,
        2,
        "POST-PUSH: stored[1] = [216, 800.8000000000001, 60]",
        0,
        446033,
        91
      ],
      [
        0,
        2,
        "PRE-PUSH: cellId=250, bestDamage=859.0400000000001, weapon=43",
        0,
        446033,
        82
      ],
      [
        0,
        2,
        "POST-PUSH: stored[2] = [250, 859.0400000000001, 43]",
        0,
        446033,
        91
      ]
    ],
    "53": [
      [
        0,
        2,
        "V7 AI FINISHED - Turn 2",
        0,
        446029,
        741
      ]
    ],
    "64": [
      [
        0,
        2,
        "V7 AI STARTING - Turn 3",
        0,
        446029,
        739
      ],
      [
        0,
        10
      ],
      [
        0,
        2,
        "=== MULTI-ENEMY DAMAGE CALCULATION START ===",
        0,
        446033,
        6
      ],
      [
        0,
        2,
        "WEAPON CHECK: hasWeapons=true, count=4",
        0,
        446033,
        29
      ],
      [
        0,
        2,
        "AVAILABLE WEAPONS: [277, 60, 44, 43]",
        0,
        446033,
        31
      ],
      [
        0,
        2,
        "WEAPON[0] = 277 (B_LASER=60, RHINO=153, GRENADE=43)",
        0,
        446033,
        33
      ],
      [
        0,
        2,
        "WEAPON[1] = 60 (B_LASER=60, RHINO=153, GRENADE=43)",
        0,
        446033,
        33
      ],
      [
        0,
        2,
        "WEAPON[2] = 44 (B_LASER=60, RHINO=153, GRENADE=43)",
        0,
        446033,
        33
      ],
      [
        0,
        2,
        "WEAPON[3] = 43 (B_LASER=60, RHINO=153, GRENADE=43)",
        0,
        446033,
        33
      ],
      [
        0,
        2,
        "PRE-PUSH: cellId=77, bestDamage=708.0, weapon=43",
        0,
        446033,
        82
      ],
      [
        0,
        2,
        "POST-PUSH: stored[0] = [77, 708.0, 43]",
        0,
        446033,
        91
      ],
      [
        0,
        2,
        "PRE-PUSH: cellId=112, bestDamage=708.0, weapon=43",
        0,
        446033,
        82
      ],
      [
        0,
        2,
        "POST-PUSH: stored[1] = [112, 708.0, 43]",
        0,
        446033,
        91
      ],
      [
        0,
        2,
        "PRE-PUSH: cellId=59, bestDamage=900.0, weapon=44",
        0,
        446033,
        82
      ],
      [
        0,
        2,
        "POST-PUSH: stored[2] = [59, 900.0, 44]",
        0,
        446033,
        91
      ]
    ],
    "79": [
      [
        0,
        2,
        "V7 AI FINISHED - Turn 3",
        0,
        446029,
        741
      ]
    ],
    "92": [
      [
        0,
        2,
        "V7 AI STARTING - Turn 4",
        0,
        446029,
        739
      ]
    ],