{
  "18035": {
    "1": [
      [
        0,
        1,
        "v4.0 initialized - 120 obstacles cached",
        0,
        445087,
        68
      ],
      [
        0,
        1,
        "Turn 1 - HP: 973/973 TP: 13 MP: 5",
        0,
        445087,
        510
      ],
      [
        0,
        1,
        "Enemy HP: 393/393 Distance: 17.08800749063506",
        0,
        445087,
        511
      ]
    ],
    "20": [
      [
        0,
        1,
        "Turn 2 - HP: 973/973 TP: 15 MP: 7",
        0,
        445087,
        510
      ],
      [
        0,
        1,
        "Enemy HP: 393/393 Distance: 10.44030650891055",
        0,
        445087,
        511
      ],
      [
        0,
        1,
        "=== ATTACK POSITIONS FOUND ===",
        0,
        445087,
        560
      ],
      [
        0,
        1,
        "Neutrino: 1 reachable / 11 total",
        0,
        445087,
        570
      ],
      [
        0,
        1,
        "Double Gun: 10 reachable / 80 total",
        0,
        445087,
        570
      ],
      [
        0,
        10
      ],
      [
        0,
        4,
        [
          269
        ],
        "ffffff",
        1
      ],
      [
        0,
        9,
        [
          269
        ],
        "ME",
        "ffffff",
        1
      ],
      [
        0,
        4,
        [
          398
        ],
        "ff00ff",
        1
      ],
      [
        0,
        9,
        [
          398
        ],
        "ENEMY",
        "ff00ff",
        1
      ],
      [
        0,
        4,
        [
          328
        ],
        "550055",
        1
      ],
      [
        0,
        4,
        [
          363
        ],
        "550055",
        1
      ],
      [
        0,
        4,
        [
          395
        ],
        "ff00ff",
        1
      ],
      [
        0,
        4,
        [
          396
        ],
        "550055",
        1
      ],
      [
        0,
        4,
        [
          397
        ],
        "550055",
        1
      ],
      [
        0,
        4,
        [
          399
        ],
        "550055",
        1
      ],
      [
        0,
        4,
        [
          400
        ],
        "550055",
        1
      ],
      [
        0,
        4,
        [
          401
        ],
        "550055",
        1
      ],
      [
        0,
        4,
        [
          433
        ],
        "550055",
        1
      ],
      [
        0,
        4,
        [
          468
        ],
        "550055",
        1
      ],
      [
        0,
        4,
        [
          503
        ],
        "550055",
        1
      ],
      [
        0,
        1,
        "Pre-cycle: Seeking first Neutrino opportunity",
        0,
        445087,
        250
      ],
      [
        0,
        1,
        "Best attack position: cell 395 with weapon 182",
        0,
        445087,
        596
      ],
      [
        0,
        1,
        "Moving from 269 to 395",
        0,
        445087,
        341
      ]
    ],
    "21": [
      [
        0,
        1,
        "Moved to 394",
        0,
        445087,
        346
      ]
    ],
    "22": [
      [
        0,
        1,
        "Equipped weapon: 182",
        0,
        445087,
        359
      ],
      [
        0,
        1,
        "Neutrino phase: Stacking vulnerability (8% per hit, 2 turns)",
        0,
        445087,
        372
      ],
      [
        0,
        1,
        "Attack failed with 182: error=-4",
        0,
        445087,
        394
      ],
      [
        0,
        1,
        "Distance: 5.656854249492381",
        0,
        445087,
        395
      ],
      [
        0,
        1,
        "Diagonal check failed or out of diagonal range",
        0,
        445087,
        397
      ],
      [
        0,
        1,
        "Excess TP available, using Spark for harassment",
        0,
        445087,
        609
      ]
    ],
    "3": [
      [
        0,
        1,
        "Turn 1: Used Motivation (+2 TP/turn for 3 turns)",
        0,
        445087,
        518
      ]
    ],
    "34": [
      [
        0,
        1,
        "Turn 3 - HP: 641/957 TP: 15 MP: 5",
        0,
        445087,
        510
      ],
      [
        0,
        1,
        "Enemy HP: 393/393 Distance: 8.94427190999916",
        0,
        445087,
        511
      ],
      [
        0,
        1,
        "=== ATTACK POSITIONS FOUND ===",
        0,
        445087,
        560
      ],
      [
        0,
        1,
        "Neutrino: 0 reachable / 4 total",
        0,
        445087,
        570
      ],
      [
        0,
        1,
        "Double Gun: 8 reachable / 42 total",
        0,
        445087,
        570
      ],
      [
        0,
        10
      ],
      [
        0,
        4,
        [
          394
        ],
        "ffffff",
        1
      ],
      [
        0,
        9,
        [
          394
        ],
        "ME",
        "ffffff",
        1
      ],
      [
        0,
        4,
        [
          470
        ],
        "ff00ff",
        1
      ],
      [
        0,
        9,
        [
          470
        ],
        "ENEMY",
        "ff00ff",
        1
      ],
      [
        0,
        4,
        [
          365
        ],
        "550055",
        1
      ],
      [
        0,
        4,
        [
          400
        ],
        "550055",
        1
      ],
      [
        0,
        4,
        [
          435
        ],
        "550055",
        1
      ],
      [
        0,
        4,
        [
          471
        ],
        "550055",
        1
      ],
      [
        0,
        1,
        "Pre-cycle: Seeking first Neutrino opportunity",
        0,
        445087,
        250
      ],
      [
        0,
        1,
        "Best attack position: cell 396 with weapon 39",
        0,
        445087,
        596
      ],
      [
        0,
        1,
        "Moving from 394 to 396",
        0,
        445087,
        341
      ]
    ],
    "35": [
      [
        0,
        1,
        "Moved to 396",
        0,
        445087,
        346
      ]
    ],
    "36": [
      [
        0,
        1,
        "Equipped weapon: 39",
        0,
        445087,
        359
      ],
      [
        0,
        1,
        "Double Gun phase: Stacking poison (9-12 dmg/turn, 2 turns) + direct damage",
        0,
        445087,
        377
      ],
      [
        0,
        1,
        "Attack failed with 39: error=-4",
        0,
        445087,
        394
      ],
      [
        0,
        1,
        "Distance: 6.324555320336759",
        0,
        445087,
        395
      ],
      [
        0,
        1,
        "Excess TP available, using Spark for harassment",
        0,
        445087,
        609
      ]
    ],
    "45": [
      [
        0,
        1,
        "Used Spark x3 (fallback damage)",
        0,
        445087,
        458
      ],
      [
        0,
        1,
        "Repositioning to cover",
        0,
        445087,
        693
      ]
    ],
    "5": [
      [
        0,
        1,
        "Turn 1: Used Protein for damage boost",
        0,
        445087,
        524
      ]
    ],
    "58": [
      [
        0,
        1,
        "Turn 4 - HP: 329/941 TP: 13 MP: 5",
        0,
        445087,
        510
      ],
      [
        0,
        1,
        "Enemy HP: 305/388 Distance: 9.055385138137417",
        0,
        445087,
        511
      ],
      [
        0,
        1,
        "=== ATTACK POSITIONS FOUND ===",
        0,
        445087,
        560
      ],
      [
        0,
        1,
        "Neutrino: 0 reachable / 7 total",
        0,
        445087,
        570
      ],
      [
        0,
        1,
        "Double Gun: 4 reachable / 34 total",
        0,
        445087,
        570
      ],
      [
        0,
        10
      ],
      [
        0,
        4,
        [
          396
        ],