{
  "18035": {
    "1": [
      [
        0,
        1,
        "v4.0 initialized - 136 obstacles cached",
        0,
        445087,
        68
      ],
      [
        0,
        1,
        "Turn 1 - HP: 973/973 TP: 13 MP: 5",
        0,
        445087,
        510
      ],
      [
        0,
        1,
        "Enemy HP: 713/713 Distance: 18.601075237738275",
        0,
        445087,
        511
      ]
    ],
    "15": [
      [
        0,
        1,
        "Turn 2 - HP: 973/973 TP: 15 MP: 7",
        0,
        445087,
        510
      ],
      [
        0,
        1,
        "Enemy HP: 713/713 Distance: 12.727922061357855",
        0,
        445087,
        511
      ],
      [
        0,
        1,
        "=== ATTACK POSITIONS FOUND ===",
        0,
        445087,
        560
      ],
      [
        0,
        1,
        "Neutrino: 0 reachable / 9 total",
        0,
        445087,
        570
      ],
      [
        0,
        1,
        "Double Gun: 1 reachable / 47 total",
        0,
        445087,
        570
      ],
      [
        0,
        10
      ],
      [
        0,
        4,
        [
          512
        ],
        "ffffff",
        1
      ],
      [
        0,
        9,
        [
          512
        ],
        "ME",
        "ffffff",
        1
      ],
      [
        0,
        4,
        [
          521
        ],
        "ff00ff",
        1
      ],
      [
        0,
        9,
        [
          521
        ],
        "ENEMY",
        "ff00ff",
        1
      ],
      [
        0,
        4,
        [
          486
        ],
        "550055",
        1
      ],
      [
        0,
        4,
        [
          518
        ],
        "550055",
        1
      ],
      [
        0,
        4,
        [
          519
        ],
        "550055",
        1
      ],
      [
        0,
        4,
        [
          520
        ],
        "550055",
        1
      ],
      [
        0,
        4,
        [
          522
        ],
        "550055",
        1
      ],
      [
        0,
        4,
        [
          523
        ],
        "550055",
        1
      ],
      [
        0,
        4,
        [
          524
        ],
        "550055",
        1
      ],
      [
        0,
        4,
        [
          556
        ],
        "550055",
        1
      ],
      [
        0,
        4,
        [
          591
        ],
        "550055",
        1
      ],
      [
        0,
        1,
        "Pre-cycle: Seeking first Neutrino opportunity",
        0,
        445087,
        250
      ],
      [
        0,
        1,
        "Best attack position: cell 499 with weapon 39",
        0,
        445087,
        596
      ],
      [
        0,
        1,
        "Moving from 512 to 499",
        0,
        445087,
        341
      ]
    ],
    "16": [
      [
        0,
        1,
        "Moved to 533",
        0,
        445087,
        346
      ]
    ],
    "17": [
      [
        0,
        1,
        "Equipped weapon: 39",
        0,
        445087,
        359
      ],
      [
        0,
        1,
        "Double Gun phase: Stacking poison (9-12 dmg/turn, 2 turns) + direct damage",
        0,
        445087,
        377
      ],
      [
        0,
        1,
        "Attack failed with 39: error=-4",
        0,
        445087,
        394
      ],
      [
        0,
        1,
        "Distance: 7.810249675906654",
        0,
        445087,
        395
      ],
      [
        0,
        1,
        "Excess TP available, using Spark for harassment",
        0,
        445087,
        609
      ]
    ],
    "3": [
      [
        0,
        1,
        "Turn 1: Used Motivation (+2 TP/turn for 3 turns)",
        0,
        445087,
        518
      ]
    ],
    "31": [
      [
        0,
        1,
        "Turn 3 - HP: 803/964 TP: 15 MP: 5",
        0,
        445087,
        510
      ],
      [
        0,
        1,
        "Enemy HP: 713/713 Distance: 5.656854249492381",
        0,
        445087,
        511
      ],
      [
        0,
        1,
        "=== ATTACK POSITIONS FOUND ===",
        0,
        445087,
        560
      ],
      [
        0,
        1,
        "Neutrino: 0 reachable / 6 total",
        0,
        445087,
        570
      ],
      [
        0,
        1,
        "Double Gun: 5 reachable / 41 total",
        0,
        445087,
        570
      ],
      [
        0,
        10
      ],
      [
        0,
        4,
        [
          533
        ],
        "ffffff",
        1
      ],
      [
        0,
        9,
        [
          533
        ],
        "ME",
        "ffffff",
        1
      ],
      [
        0,
        4,
        [
          537
        ],
        "ff00ff",
        1
      ],
      [
        0,
        9,
        [
          537
        ],
        "ENEMY",
        "ff00ff",
        1
      ],
      [
        0,
        4,
        [
          502
        ],
        "550055",
        1
      ],
      [
        0,
        4,
        [
          538
        ],
        "550055",
        1
      ],
      [
        0,
        4,
        [
          539
        ],
        "550055",
        1
      ],
      [
        0,
        4,
        [
          540
        ],
        "550055",
        1
      ],
      [
        0,
        4,
        [
          572
        ],
        "550055",
        1
      ],
      [
        0,
        4,
        [
          607
        ],
        "550055",
        1
      ],
      [
        0,
        1,
        "Pre-cycle: Seeking first Neutrino opportunity",
        0,
        445087,
        250
      ],
      [
        0,
        1,
        "Best attack position: cell 481 with weapon 39",
        0,
        445087,
        596
      ],
      [
        0,
        1,
        "Moving from 533 to 481",
        0,
        445087,
        341
      ]
    ],
    "32": [
      [
        0,
        1,
        "Moved to 481",
        0,
        445087,
        346
      ],
      [
        0,
        1,
        "Double Gun phase: Stacking poison (9-12 dmg/turn, 2 turns) + direct damage",
        0,
        445087,
        377
      ],
      [
        0,
        1,
        "Attack failed with 39: error=-4",
        0,
        445087,
        394
      ],
      [
        0,
        1,
        "Distance: 5.385164807134504",
        0,
        445087,
        395
      ],
      [
        0,
        1,
        "Excess TP available, using Spark for harassment",
        0,
        445087,
        609
      ]
    ],
    "41": [
      [
        0,
        1,
        "Used Spark x3 (fallback damage)",
        0,
        445087,
        458
      ],
      [
        0,
        1,
        "End of turn: excess TP, using Spark",
        0,
        445087,
        684
      ]
    ],
    "47": [
      [
        0,
        1,
        "Used Spark x2 (fallback damage)",
        0,
        445087,
        458
      ],
      [
        0,
        1,
        "Repositioning to cover",
        0,
        445087,
        693
      ]
    ],
    "5": [
      [
        0,
        1,
        "Turn 1: Used Protein for damage boost",
        0,
        445087,
        524
      ]
    ],
    "60": [
      [
        0,
        1,
        "Turn 4 - HP: 606/953 TP: 13 MP: 5",
        0,
        445087,
        510
      ],
      [
        0,
        1,
        "Enemy HP: 481/701 Distance: 2.8284271247461903",
        0,
        445087,
        511
      ],
      [
        0,
        1,
        "=== ATTACK POSITIONS FOUND ===",
        0,
        445087,
        560
      ],
      [
        0,
        1,
        "Neutrino: 4 reachable / 7 total",
        0,
        445087,
        570
      ],
      [
        0,
        1,
        "Double Gun: 25 reachable / 64 total",
        0,
        445087,
        570
      ],
      [
        0,
        10
      ],
      [
        0,
        4,
        [
          481
        ],