{
  "18035": {
    "1": [
      [
        0,
        1,
        "v4.0 initialized - 113 obstacles cached",
        0,
        445087,
        68
      ],
      [
        0,
        1,
        "Turn 1 - HP: 967/967 TP: 11 MP: 7",
        0,
        445087,
        510
      ],
      [
        0,
        1,
        "Enemy HP: 544/544 Distance: 17.4928556845359",
        0,
        445087,
        511
      ]
    ],
    "23": [
      [
        0,
        1,
        "Turn 2 - HP: 967/967 TP: 13 MP: 9",
        0,
        445087,
        510
      ],
      [
        0,
        1,
        "Enemy HP: 544/544 Distance: 11.40175425099138",
        0,
        445087,
        511
      ],
      [
        0,
        1,
        "=== ATTACK POSITIONS FOUND ===",
        0,
        445087,
        560
      ],
      [
        0,
        1,
        "Neutrino: 1 reachable / 5 total",
        0,
        445087,
        570
      ],
      [
        0,
        1,
        "Double Gun: 23 reachable / 55 total",
        0,
        445087,
        570
      ],
      [
        0,
        10
      ],
      [
        0,
        4,
        [
          268
        ],
        "ffffff",
        1
      ],
      [
        0,
        9,
        [
          268
        ],
        "ME",
        "ffffff",
        1
      ],
      [
        0,
        4,
        [
          135
        ],
        "ff00ff",
        1
      ],
      [
        0,
        9,
        [
          135
        ],
        "ENEMY",
        "ff00ff",
        1
      ],
      [
        0,
        4,
        [
          132
        ],
        "ff00ff",
        1
      ],
      [
        0,
        4,
        [
          133
        ],
        "550055",
        1
      ],
      [
        0,
        4,
        [
          134
        ],
        "550055",
        1
      ],
      [
        0,
        4,
        [
          136
        ],
        "550055",
        1
      ],
      [
        0,
        4,
        [
          137
        ],
        "550055",
        1
      ],
      [
        0,
        1,
        "Pre-cycle: Seeking first Neutrino opportunity",
        0,
        445087,
        250
      ],
      [
        0,
        1,
        "Best attack position: cell 132 with weapon 182",
        0,
        445087,
        596
      ],
      [
        0,
        1,
        "Moving from 268 to 132",
        0,
        445087,
        341
      ]
    ],
    "24": [
      [
        0,
        1,
        "Moved to 150",
        0,
        445087,
        346
      ]
    ],
    "25": [
      [
        0,
        1,
        "Equipped weapon: 182",
        0,
        445087,
        359
      ],
      [
        0,
        1,
        "Neutrino phase: Stacking vulnerability (8% per hit, 2 turns)",
        0,
        445087,
        372
      ],
      [
        0,
        1,
        "Attack failed with 182: error=-4",
        0,
        445087,
        394
      ],
      [
        0,
        1,
        "Distance: 3.605551275463989",
        0,
        445087,
        395
      ],
      [
        0,
        1,
        "Diagonal check failed or out of diagonal range",
        0,
        445087,
        397
      ],
      [
        0,
        1,
        "Excess TP available, using Spark for harassment",
        0,
        445087,
        609
      ]
    ],
    "3": [
      [
        0,
        1,
        "Turn 1: Used Motivation (+2 TP/turn for 3 turns)",
        0,
        445087,
        518
      ]
    ],
    "37": [
      [
        0,
        1,
        "Turn 3 - HP: 524/945 TP: 13 MP: 7",
        0,
        445087,
        510
      ],
      [
        0,
        1,
        "Enemy HP: 544/544 Distance: 6.324555320336759",
        0,
        445087,
        511
      ],
      [
        0,
        1,
        "=== ATTACK POSITIONS FOUND ===",
        0,
        445087,
        560
      ],
      [
        0,
        1,
        "Neutrino: 4 reachable / 8 total",
        0,
        445087,
        570
      ],
      [
        0,
        1,
        "Double Gun: 25 reachable / 42 total",
        0,
        445087,
        570
      ],
      [
        0,
        10
      ],
      [
        0,
        4,
        [
          150
        ],
        "ffffff",
        1
      ],
      [
        0,
        9,
        [
          150
        ],
        "ME",
        "ffffff",
        1
      ],
      [
        0,
        4,
        [
          84
        ],
        "ff00ff",
        1
      ],
      [
        0,
        9,
        [
          84
        ],
        "ENEMY",
        "ff00ff",
        1
      ],
      [
        0,
        4,
        [
          49
        ],
        "550055",
        1
      ],
      [
        0,
        4,
        [
          82
        ],
        "ff00ff",
        1
      ],
      [
        0,
        4,
        [
          83
        ],
        "ff00ff",
        1
      ],
      [
        0,
        4,
        [
          85
        ],
        "550055",
        1
      ],
      [
        0,
        4,
        [
          86
        ],
        "550055",
        1
      ],
      [
        0,
        4,
        [
          87
        ],
        "550055",
        1
      ],
      [
        0,
        4,
        [
          119
        ],
        "ff00ff",
        1
      ],
      [
        0,
        4,
        [
          154
        ],
        "ff00ff",
        1
      ],
      [
        0,
        1,
        "Pre-cycle: Seeking first Neutrino opportunity",
        0,
        445087,
        250
      ],
      [
        0,
        1,
        "Best attack position: cell 82 with weapon 182",
        0,
        445087,
        596
      ],
      [
        0,
        1,
        "Moving from 150 to 82",
        0,
        445087,
        341
      ]
    ],
    "38": [
      [
        0,
        1,
        "Moved to 82",
        0,
        445087,
        346
      ],
      [
        0,
        1,
        "Neutrino phase: Stacking vulnerability (8% per hit, 2 turns)",
        0,
        445087,
        372
      ]
    ],
    "42": [
      [
        0,
        1,
        "Starting weapon cycle at turn 3",
        0,
        445087,
        391
      ]
    ],
    "5": [
      [
        0,
        1,
        "Turn 1: Used Protein for damage boost",
        0,
        445087,
        524
      ]
    ],
    "50": [
      [
        0,
        1,
        "Reached max uses per turn for 182: 3",
        0,
        445087,
        403
      ],
      [
        0,
        1,
        "Executed 3 attacks with weapon 182",
        0,
        445087,
        409
      ],
      [
        0,
        1,
        "Repositioning to cover",
        0,
        445087,
        693
      ]
    ],
    "63": [
      [
        0,
        1,
        "Turn 4 - HP: 221/929 TP: 11 MP: 7",
        0,
        445087,
        510
      ],
      [
        0,
        1,
        "Enemy HP: 296/531 Distance: 5.0",
        0,
        445087,
        511
      ],
      [
        0,
        1,
        "=== ATTACK POSITIONS FOUND ===",
        0,
        445087,
        560
      ],
      [
        0,
        1,
        "Neutrino: 4 reachable / 4 total",
        0,
        445087,
        570
      ],
      [
        0,
        1,
        "Double Gun: 33 reachable / 38 total",
        0,
        445087,
        570
      ],
      [
        0,
        10
      ],
      [
        0,
        4,
        [
          82
        ],
        "ffffff",
        1
      ],
      [
        0,
        9,
        [
          82
        ],
        "ME",
        "ffffff",
        1
      ],
      [
        0,
        4,
        [
          103
        ],
        "ff00ff",
        1
      ],
      [
        0,
        9,
        [
          103
        ],
        "ENEMY",
        "ff00ff",
        1
      ],
      [
        0,
        4,
        [
          12
        ],
        "ff0000",
        1
      ],
      [
        0,
        4,
        [
          13
        ],