{
  "18035": {
    "1": [
      [
        0,
        1,
        "v4.0 initialized - 123 obstacles cached",
        0,
        445087,
        68
      ],
      [
        0,
        1,
        "Turn 1 - HP: 967/967 TP: 11 MP: 7",
        0,
        445087,
        510
      ],
      [
        0,
        1,
        "Enemy HP: 487/487 Distance: 20.591260281974",
        0,
        445087,
        511
      ]
    ],
    "24": [
      [
        0,
        1,
        "Turn 2 - HP: 967/967 TP: 13 MP: 9",
        0,
        445087,
        510
      ],
      [
        0,
        1,
        "Enemy HP: 487/487 Distance: 13.92838827718412",
        0,
        445087,
        511
      ],
      [
        0,
        1,
        "=== ATTACK POSITIONS FOUND ===",
        0,
        445087,
        560
      ],
      [
        0,
        1,
        "Neutrino: 0 reachable / 6 total",
        0,
        445087,
        570
      ],
      [
        0,
        1,
        "Double Gun: 2 reachable / 56 total",
        0,
        445087,
        570
      ],
      [
        0,
        10
      ],
      [
        0,
        4,
        [
          199
        ],
        "ffffff",
        1
      ],
      [
        0,
        9,
        [
          199
        ],
        "ME",
        "ffffff",
        1
      ],
      [
        0,
        4,
        [
          348
        ],
        "ff00ff",
        1
      ],
      [
        0,
        9,
        [
          348
        ],
        "ENEMY",
        "ff00ff",
        1
      ],
      [
        0,
        4,
        [
          243
        ],
        "550055",
        1
      ],
      [
        0,
        4,
        [
          278
        ],
        "550055",
        1
      ],
      [
        0,
        4,
        [
          313
        ],
        "550055",
        1
      ],
      [
        0,
        4,
        [
          383
        ],
        "550055",
        1
      ],
      [
        0,
        4,
        [
          418
        ],
        "550055",
        1
      ],
      [
        0,
        4,
        [
          453
        ],
        "550055",
        1
      ],
      [
        0,
        1,
        "Pre-cycle: Seeking first Neutrino opportunity",
        0,
        445087,
        250
      ],
      [
        0,
        1,
        "Best attack position: cell 257 with weapon 39",
        0,
        445087,
        596
      ],
      [
        0,
        1,
        "Moving from 199 to 257",
        0,
        445087,
        341
      ]
    ],
    "25": [
      [
        0,
        1,
        "Moved to 256",
        0,
        445087,
        346
      ]
    ],
    "26": [
      [
        0,
        1,
        "Equipped weapon: 39",
        0,
        445087,
        359
      ],
      [
        0,
        1,
        "Double Gun phase: Stacking poison (9-12 dmg/turn, 2 turns) + direct damage",
        0,
        445087,
        377
      ],
      [
        0,
        1,
        "Attack failed with 39: error=-4",
        0,
        445087,
        394
      ],
      [
        0,
        1,
        "Distance: 7.280109889280518",
        0,
        445087,
        395
      ],
      [
        0,
        1,
        "Excess TP available, using Spark for harassment",
        0,
        445087,
        609
      ]
    ],
    "3": [
      [
        0,
        1,
        "Turn 1: Used Motivation (+2 TP/turn for 3 turns)",
        0,
        445087,
        518
      ]
    ],
    "44": [
      [
        0,
        1,
        "Turn 3 - HP: 646/951 TP: 13 MP: 7",
        0,
        445087,
        510
      ],
      [
        0,
        1,
        "Enemy HP: 487/487 Distance: 10.0",
        0,
        445087,
        511
      ],
      [
        0,
        1,
        "=== ATTACK POSITIONS FOUND ===",
        0,
        445087,
        560
      ],
      [
        0,
        1,
        "Neutrino: 0 reachable / 5 total",
        0,
        445087,
        570
      ],
      [
        0,
        1,
        "Double Gun: 10 reachable / 49 total",
        0,
        445087,
        570
      ],
      [
        0,
        10
      ],
      [
        0,
        4,
        [
          256
        ],
        "ffffff",
        1
      ],
      [
        0,
        9,
        [
          256
        ],
        "ME",
        "ffffff",
        1
      ],
      [
        0,
        4,
        [
          436
        ],
        "ff00ff",
        1
      ],
      [
        0,
        9,
        [
          436
        ],
        "ENEMY",
        "ff00ff",
        1
      ],
      [
        0,
        4,
        [
          401
        ],
        "550055",
        1
      ],
      [
        0,
        4,
        [
          437
        ],
        "550055",
        1
      ],
      [
        0,
        4,
        [
          471
        ],
        "550055",
        1
      ],
      [
        0,
        4,
        [
          506
        ],
        "550055",
        1
      ],
      [
        0,
        4,
        [
          541
        ],
        "550055",
        1
      ],
      [
        0,
        1,
        "Pre-cycle: Seeking first Neutrino opportunity",
        0,
        445087,
        250
      ],
      [
        0,
        1,
        "Best attack position: cell 345 with weapon 39",
        0,
        445087,
        596
      ],
      [
        0,
        1,
        "Moving from 256 to 345",
        0,
        445087,
        341
      ]
    ],
    "45": [
      [
        0,
        1,
        "Moved to 345",
        0,
        445087,
        346
      ],
      [
        0,
        1,
        "Double Gun phase: Stacking poison (9-12 dmg/turn, 2 turns) + direct damage",
        0,
        445087,
        377
      ]
    ],
    "5": [
      [
        0,
        1,
        "Turn 1: Used Protein for damage boost",
        0,
        445087,
        524
      ]
    ],
    "57": [
      [
        0,
        1,
        "Reached max uses per turn for 39: 3",
        0,
        445087,
        403
      ],
      [
        0,
        1,
        "Executed 3 attacks with weapon 39",
        0,
        445087,
        409
      ],
      [
        0,
        1,
        "Repositioning to cover",
        0,
        445087,
        693
      ]
    ],
    "7": [
      [
        0,
        1,
        "Turn 1: Used Leather Boots to help reach Neutrino diagonal",
        0,
        445087,
        534
      ],
      [
        0,
        1,
        "=== ATTACK POSITIONS FOUND ===",
        0,
        445087,
        560
      ],
      [
        0,
        1,
        "Neutrino: 0 reachable / 8 total",
        0,
        445087,
        570
      ],
      [
        0,
        1,
        "Double Gun: 0 reachable / 49 total",
        0,
        445087,
        570
      ],
      [
        0,
        10
      ],
      [
        0,
        4,
        [
          108
        ],
        "ffffff",
        1
      ],
      [
        0,
        9,
        [
          108
        ],
        "ME",
        "ffffff",
        1
      ],
      [
        0,
        4,
        [
          262
        ],
        "ff00ff",
        1
      ],
      [
        0,
        9,
        [
          262
        ],
        "ENEMY",
        "ff00ff",
        1
      ],
      [
        0,
        4,
        [
          157
        ],
        "550055",
        1
      ],
      [
        0,
        4,
        [
          192
        ],
        "550055",
        1
      ],
      [
        0,
        4,
        [
          227
        ],
        "550055",
        1
      ],
      [
        0,
        4,
        [
          259
        ],
        "550055",
        1
      ],
      [
        0,
        4,
        [
          260
        ],
        "550055",
        1
      ],
      [
        0,
        4,
        [
          261
        ],
        "550055",
        1
      ],
      [
        0,
        4,
        [
          297
        ],